{"last_px": {"BTC": 60000.0, "ETH": 2400.0}, "ewma_var": {"BTC": 0.0, "ETH": 0.0}, "ewma_fund": {"BTC": 1.4900488372224004e-07, "ETH": 2.3282013081600003e-07}}